{"cameraMode":{"drawMode":0,"name":"Shaded","section":"Shading Mode"},"sceneLighting":false,"audioPlay":false,"sceneViewState":{"showFog":true,"showMaterialUpdate":false,"showSkybox":true,"showFlares":true,"showImageEffects":true,"showParticleSystems":true},"in2DMode":false,"pivot":{"x":9.053655624389649,"y":1.7762870788574219,"z":-7.457789421081543},"rotation":{"x":-0.10726165771484375,"y":0.89169842004776,"z":-0.33290186524391177,"w":-0.2873069941997528},"size":23.07859992980957,"orthographic":false}